<?xml version="1.0" encoding="UTF-8"?>
<project-private xmlns="http://www.netbeans.org/ns/project-private/1">
    <editor-bookmarks xmlns="http://www.netbeans.org/ns/editor-bookmarks/2" lastBookmarkId="0"/>
    <open-files xmlns="http://www.netbeans.org/ns/projectui-open-files/2">
        <group>
            <file>file:/home/ahmedhammad97/Desktop/Paint/src/paint/controller/ShapeFactory.java</file>
            <file>file:/home/ahmedhammad97/Desktop/Paint/src/paint/controller/SaveToXML.java</file>
            <file>file:/home/ahmedhammad97/Desktop/Paint/src/paint/controller/FXMLDocumentController.java</file>
            <file>file:/home/ahmedhammad97/Desktop/Paint/src/paint/Paint.java</file>
            <file>file:/home/ahmedhammad97/Desktop/Paint/src/paint/controller/LoadFromXML.java</file>
            <file>file:/home/ahmedhammad97/Desktop/Paint/src/paint/model/Shape.java</file>
        </group>
    </open-files>
</project-private>
